{"cameraMode":{"drawMode":0,"name":"Shaded","section":"Shading Mode"},"sceneLighting":true,"audioPlay":false,"sceneViewState":{"showFog":true,"showMaterialUpdate":false,"showSkybox":true,"showFlares":true,"showImageEffects":true,"showParticleSystems":true},"in2DMode":false,"pivot":{"x":-5.72611141204834,"y":12.656388282775879,"z":-115.76708221435547},"rotation":{"x":0.00011367872502887622,"y":0.9604241847991943,"z":-0.0055920216254889969,"w":0.281786173582077},"size":16.26155662536621,"orthographic":false}