{"cameraMode":{"drawMode":0,"name":"Shaded","section":"Shading Mode"},"sceneLighting":false,"audioPlay":false,"sceneViewState":{"showFog":true,"showMaterialUpdate":false,"showSkybox":true,"showFlares":true,"showImageEffects":true,"showParticleSystems":true},"in2DMode":false,"pivot":{"x":2.482147216796875,"y":-3.4564743041992189,"z":-10.780413627624512},"rotation":{"x":-0.1811431348323822,"y":0.6248412728309631,"z":-0.1521846204996109,"w":-0.7442885637283325},"size":32.580257415771487,"orthographic":false}