{"cameraMode":{"drawMode":0,"name":"Shaded","section":"Shading Mode"},"sceneLighting":false,"audioPlay":false,"sceneViewState":{"showFog":true,"showMaterialUpdate":false,"showSkybox":true,"showFlares":true,"showImageEffects":true,"showParticleSystems":true},"in2DMode":false,"pivot":{"x":-9.346219062805176,"y":-4.949150085449219,"z":4.586055755615234},"rotation":{"x":-0.11637601256370545,"y":0.5013416409492493,"z":-0.06826131045818329,"w":-0.8548797369003296},"size":32.580257415771487,"orthographic":false}