{"cameraMode":{"drawMode":0,"name":"Shaded","section":"Shading Mode"},"sceneLighting":true,"audioPlay":false,"sceneViewState":{"showFog":true,"showMaterialUpdate":false,"showSkybox":true,"showFlares":true,"showImageEffects":true,"showParticleSystems":true},"in2DMode":false,"pivot":{"x":-14.887711524963379,"y":-0.3349940776824951,"z":-8.88470458984375},"rotation":{"x":0.048684388399124148,"y":0.6905273795127869,"z":-0.04668140411376953,"w":0.7201558947563171},"size":11.66727066040039,"orthographic":false}