{"cameraMode":{"drawMode":0,"name":"Shaded","section":"Shading Mode"},"sceneLighting":false,"audioPlay":false,"sceneViewState":{"showFog":true,"showMaterialUpdate":false,"showSkybox":true,"showFlares":true,"showImageEffects":true,"showParticleSystems":true},"in2DMode":false,"pivot":{"x":4.529069423675537,"y":13.50619888305664,"z":23.039608001708986},"rotation":{"x":-0.025692874565720559,"y":-0.9271305203437805,"z":0.3686157166957855,"w":-0.06890212744474411},"size":22.0,"orthographic":false}