{"cameraMode":{"drawMode":0,"name":"Shaded","section":"Shading Mode"},"sceneLighting":false,"audioPlay":false,"sceneViewState":{"showFog":false,"showMaterialUpdate":false,"showSkybox":false,"showFlares":false,"showImageEffects":false,"showParticleSystems":false},"in2DMode":false,"pivot":{"x":-0.6159024238586426,"y":0.5100498199462891,"z":-0.21687746047973634},"rotation":{"x":0.14113019406795503,"y":-0.8558329939842224,"z":0.3107653260231018,"w":0.3886682689189911},"size":4.875889778137207,"orthographic":false}