{"cameraMode":{"drawMode":0,"name":"Shaded","section":"Shading Mode"},"sceneLighting":false,"audioPlay":false,"sceneViewState":{"showFog":false,"showMaterialUpdate":false,"showSkybox":false,"showFlares":false,"showImageEffects":false,"showParticleSystems":false},"in2DMode":false,"pivot":{"x":-1.9022276401519776,"y":-1.9111342430114747,"z":0.27892065048217776},"rotation":{"x":-0.18887849152088166,"y":0.8081308603286743,"z":-0.35394176840782168,"w":-0.4312547445297241},"size":8.263590812683106,"orthographic":false}