{"cameraMode":{"drawMode":0,"name":"Shaded","section":"Shading Mode"},"sceneLighting":true,"audioPlay":false,"sceneViewState":{"showFog":false,"showMaterialUpdate":false,"showSkybox":false,"showFlares":false,"showImageEffects":false,"showParticleSystems":false},"in2DMode":false,"pivot":{"x":-5.062625885009766,"y":-5.016944408416748,"z":2.551868438720703},"rotation":{"x":0.357593834400177,"y":0.2569502890110016,"z":-0.10301890969276428,"w":0.8919057846069336},"size":19.458269119262697,"orthographic":false}