{"cameraMode":{"drawMode":0,"name":"Shaded","section":"Shading Mode"},"sceneLighting":true,"audioPlay":false,"sceneViewState":{"showFog":true,"showMaterialUpdate":true,"showSkybox":true,"showFlares":true,"showImageEffects":true,"showParticleSystems":true},"in2DMode":false,"pivot":{"x":8.430625915527344,"y":-1.7176308631896973,"z":-10.711429595947266},"rotation":{"x":0.23486819863319398,"y":0.4124576449394226,"z":-0.11107487976551056,"w":0.873209536075592},"size":11.157022476196289,"orthographic":false}