{"cameraMode":{"drawMode":0,"name":"Shaded","section":"Shading Mode"},"sceneLighting":true,"audioPlay":false,"sceneViewState":{"showFog":true,"showMaterialUpdate":true,"showSkybox":true,"showFlares":true,"showImageEffects":true,"showParticleSystems":true},"in2DMode":false,"pivot":{"x":7.635570526123047,"y":1.5922086238861085,"z":-18.361919403076173},"rotation":{"x":-0.07311592996120453,"y":0.7626687288284302,"z":-0.08755773305892945,"w":-0.636794924736023},"size":3.748189687728882,"orthographic":false}