{"cameraMode":{"drawMode":0,"name":"Shaded","section":"Shading Mode"},"sceneLighting":true,"audioPlay":false,"sceneViewState":{"showFog":true,"showMaterialUpdate":true,"showSkybox":true,"showFlares":true,"showImageEffects":true,"showParticleSystems":true},"in2DMode":false,"pivot":{"x":7.636905193328857,"y":2.478944778442383,"z":-14.068201065063477},"rotation":{"x":0.07389408349990845,"y":-0.7498547434806824,"z":0.08493739366531372,"w":0.6521053910255432},"size":3.748189687728882,"orthographic":false}