{"cameraMode":{"drawMode":0,"name":"Shaded","section":"Shading Mode"},"sceneLighting":true,"audioPlay":false,"sceneViewState":{"showFog":true,"showMaterialUpdate":true,"showSkybox":true,"showFlares":true,"showImageEffects":true,"showParticleSystems":true},"in2DMode":false,"pivot":{"x":5.150559425354004,"y":-1.5376043319702149,"z":-3.4894237518310549},"rotation":{"x":-0.16722740232944489,"y":-0.14232638478279115,"z":0.024409951642155649,"w":-0.9753188490867615},"size":20.96745491027832,"orthographic":false}