{"cameraMode":{"drawMode":0,"name":"Shaded","section":"Shading Mode"},"sceneLighting":true,"audioPlay":false,"sceneViewState":{"showFog":true,"showMaterialUpdate":true,"showSkybox":true,"showFlares":true,"showImageEffects":true,"showParticleSystems":true},"in2DMode":false,"pivot":{"x":7.816773414611816,"y":4.0025506019592289,"z":-20.617029190063478},"rotation":{"x":0.18920627236366273,"y":-0.37057143449783327,"z":0.07726868987083435,"w":0.9061341881752014},"size":2.8578836917877199,"orthographic":false}