{"cameraMode":{"drawMode":0,"name":"Shaded","section":"Shading Mode"},"sceneLighting":true,"audioPlay":false,"sceneViewState":{"showFog":true,"showMaterialUpdate":true,"showSkybox":true,"showFlares":true,"showImageEffects":true,"showParticleSystems":true},"in2DMode":false,"pivot":{"x":10.231359481811524,"y":1.1416959762573243,"z":-17.352855682373048},"rotation":{"x":-0.1968795508146286,"y":0.12522536516189576,"z":-0.025315986946225168,"w":-0.972165584564209},"size":24.220508575439454,"orthographic":false}