{"cameraMode":{"drawMode":0,"name":"Shaded","section":"Shading Mode"},"sceneLighting":false,"audioPlay":false,"sceneViewState":{"showFog":true,"showMaterialUpdate":true,"showSkybox":false,"showFlares":true,"showImageEffects":true,"showParticleSystems":true},"in2DMode":false,"pivot":{"x":-7.069999694824219,"y":-0.07999992370605469,"z":-16.719999313354493},"rotation":{"x":0.2135050892829895,"y":-0.5312730073928833,"z":0.14028356969356538,"w":0.8078765869140625},"size":28.578840255737306,"orthographic":false}