{"cameraMode":{"drawMode":0,"name":"Shaded","section":"Shading Mode"},"sceneLighting":true,"audioPlay":false,"sceneViewState":{"showFog":true,"showMaterialUpdate":true,"showSkybox":true,"showFlares":true,"showImageEffects":true,"showParticleSystems":true},"in2DMode":false,"pivot":{"x":-5.565427780151367,"y":3.5951218605041506,"z":-10.088191032409668},"rotation":{"x":-0.0525699146091938,"y":-0.6494511961936951,"z":0.04508485645055771,"w":-0.7572667002677918},"size":10.0,"orthographic":false}