{"cameraMode":{"drawMode":0,"name":"Shaded","section":"Shading Mode"},"sceneLighting":true,"audioPlay":false,"sceneViewState":{"showFog":true,"showMaterialUpdate":true,"showSkybox":true,"showFlares":true,"showImageEffects":true,"showParticleSystems":true},"in2DMode":false,"pivot":{"x":20.069496154785158,"y":5.159065246582031,"z":-28.019485473632814},"rotation":{"x":0.3486805558204651,"y":-0.11184542626142502,"z":0.04182080551981926,"w":0.9296671152114868},"size":45.678165435791019,"orthographic":false}