{"cameraMode":{"drawMode":0,"name":"Shaded","section":"Shading Mode"},"sceneLighting":true,"audioPlay":false,"sceneViewState":{"showFog":true,"showMaterialUpdate":true,"showSkybox":true,"showFlares":true,"showImageEffects":true,"showParticleSystems":true},"in2DMode":false,"pivot":{"x":4.949265480041504,"y":-1.0919873714447022,"z":8.545541763305664},"rotation":{"x":-0.09316102415323258,"y":0.018513096496462823,"z":-0.001725921407341957,"w":-0.9955134391784668},"size":20.96745491027832,"orthographic":false}