{"cameraMode":{"drawMode":0,"name":"Shaded","section":"Shading Mode"},"sceneLighting":false,"audioPlay":false,"sceneViewState":{"showFog":true,"showMaterialUpdate":true,"showSkybox":false,"showFlares":true,"showImageEffects":true,"showParticleSystems":true},"in2DMode":false,"pivot":{"x":-0.22516010701656342,"y":0.4137755036354065,"z":-0.055978722870349887},"rotation":{"x":0.029927441850304605,"y":0.6307735443115234,"z":0.024512121453881265,"w":-0.7751089930534363},"size":2.1740951538085939,"orthographic":false}