{"cameraMode":{"drawMode":0,"name":"Shaded","section":"Shading Mode"},"sceneLighting":true,"audioPlay":false,"sceneViewState":{"showFog":true,"showMaterialUpdate":true,"showSkybox":true,"showFlares":true,"showImageEffects":true,"showParticleSystems":true},"in2DMode":false,"pivot":{"x":-0.4487234354019165,"y":0.688619077205658,"z":-13.799688339233399},"rotation":{"x":-0.1392190158367157,"y":0.3406299650669098,"z":-0.05102207139134407,"w":-0.928534209728241},"size":24.220508575439454,"orthographic":false}