{"cameraMode":{"drawMode":0,"name":"Shaded","section":"Shading Mode"},"sceneLighting":true,"audioPlay":false,"sceneViewState":{"showFog":true,"showMaterialUpdate":true,"showSkybox":true,"showFlares":true,"showImageEffects":true,"showParticleSystems":true},"in2DMode":false,"pivot":{"x":2.0394480228424074,"y":1.4706287384033204,"z":-11.311036109924317},"rotation":{"x":-0.145442932844162,"y":-0.5755526423454285,"z":0.10492308437824249,"w":-0.7978953123092651},"size":22.0,"orthographic":false}