{"cameraMode":{"drawMode":0,"name":"Shaded","section":"Shading Mode"},"sceneLighting":true,"audioPlay":false,"sceneViewState":{"showFog":true,"showMaterialUpdate":true,"showSkybox":true,"showFlares":true,"showImageEffects":true,"showParticleSystems":true},"in2DMode":false,"pivot":{"x":4.64102840423584,"y":-0.01602334715425968,"z":-13.506028175354004},"rotation":{"x":-0.2016366869211197,"y":-0.46316447854042055,"z":0.10909585654735565,"w":-0.8561376333236694},"size":10.0,"orthographic":false}