{"cameraMode":{"drawMode":0,"name":"Shaded","section":"Shading Mode"},"sceneLighting":true,"audioPlay":false,"sceneViewState":{"showFog":true,"showMaterialUpdate":false,"showSkybox":true,"showFlares":true,"showImageEffects":true,"showParticleSystems":true},"in2DMode":false,"pivot":{"x":148.15744018554688,"y":-190.3033447265625,"z":-112.03384399414063},"rotation":{"x":-0.016411922872066499,"y":-0.9770105481147766,"z":0.1963309943675995,"w":-0.08166694641113281},"size":671.3389892578125,"orthographic":false}