{"cameraMode":{"drawMode":0,"name":"Shaded","section":"Shading Mode"},"sceneLighting":true,"audioPlay":false,"sceneViewState":{"showFog":true,"showMaterialUpdate":false,"showSkybox":true,"showFlares":true,"showImageEffects":true,"showParticleSystems":true},"in2DMode":false,"pivot":{"x":-5.528083324432373,"y":-259.23785400390627,"z":329.4483337402344},"rotation":{"x":-0.33707395195961,"y":0.006213061977177858,"z":-0.0022208066657185556,"w":-0.9414713978767395},"size":439.8061218261719,"orthographic":false}