{"cameraMode":{"drawMode":0,"name":"Shaded","section":"Shading Mode"},"sceneLighting":true,"audioPlay":false,"sceneViewState":{"showFog":true,"showMaterialUpdate":false,"showSkybox":true,"showFlares":true,"showImageEffects":true,"showParticleSystems":true},"in2DMode":false,"pivot":{"x":0.5818862915039063,"y":1.921783447265625,"z":101.8748550415039},"rotation":{"x":-0.18363970518112184,"y":0.035967785865068439,"z":-0.006725807674229145,"w":-0.982330322265625},"size":247.6623077392578,"orthographic":false}