{"cameraMode":{"drawMode":0,"name":"Shaded","section":"Shading Mode"},"sceneLighting":true,"audioPlay":false,"sceneViewState":{"showFog":true,"showMaterialUpdate":true,"showSkybox":true,"showFlares":true,"showImageEffects":true,"showParticleSystems":true},"in2DMode":false,"pivot":{"x":13.485756874084473,"y":-1.7274866104125977,"z":-12.663342475891114},"rotation":{"x":-0.4264163672924042,"y":0.05205012112855911,"z":-0.024587590247392656,"w":-0.9026947021484375},"size":90.30968475341797,"orthographic":false}