{"cameraMode":{"drawMode":0,"name":"Shaded","section":"Shading Mode"},"sceneLighting":true,"audioPlay":false,"sceneViewState":{"showFog":true,"showMaterialUpdate":true,"showSkybox":true,"showFlares":true,"showImageEffects":true,"showParticleSystems":true},"in2DMode":false,"pivot":{"x":7.92031717300415,"y":0.3594539165496826,"z":-16.71656036376953},"rotation":{"x":-0.21357090771198274,"y":0.5675174593925476,"z":-0.15542256832122804,"w":-0.7798433303833008},"size":7.406741619110107,"orthographic":false}