{"cameraMode":{"drawMode":0,"name":"Shaded","section":"Shading Mode"},"sceneLighting":false,"audioPlay":false,"sceneViewState":{"showFog":true,"showMaterialUpdate":false,"showSkybox":false,"showFlares":true,"showImageEffects":true,"showParticleSystems":true},"in2DMode":false,"pivot":{"x":2.8159148693084719,"y":-7.924540042877197,"z":-4.67578125},"rotation":{"x":0.21729125082492829,"y":0.4052765965461731,"z":-0.09996561706066132,"w":0.8824623823165894},"size":28.578840255737306,"orthographic":false}