{"cameraMode":{"drawMode":0,"name":"Shaded","section":"Shading Mode"},"sceneLighting":true,"audioPlay":false,"sceneViewState":{"showFog":true,"showMaterialUpdate":false,"showSkybox":true,"showFlares":true,"showImageEffects":true,"showParticleSystems":true},"in2DMode":false,"pivot":{"x":12.789779663085938,"y":0.27957651019096377,"z":6.234066009521484},"rotation":{"x":0.03553586080670357,"y":0.49067240953445437,"z":-0.020045174285769464,"w":0.870430588722229},"size":26.818941116333009,"orthographic":false}