{"cameraMode":{"drawMode":0,"name":"Shaded","section":"Shading Mode"},"sceneLighting":true,"audioPlay":false,"sceneViewState":{"showFog":true,"showMaterialUpdate":false,"showSkybox":true,"showFlares":true,"showImageEffects":true,"showParticleSystems":true},"in2DMode":false,"pivot":{"x":15.033831596374512,"y":-4.678084373474121,"z":-9.901466369628907},"rotation":{"x":0.08847465366125107,"y":0.7753573060035706,"z":-0.11148523539304733,"w":0.6152901649475098},"size":26.818941116333009,"orthographic":false}