{"cameraMode":{"drawMode":0,"name":"Shaded","section":"Shading Mode"},"sceneLighting":true,"audioPlay":false,"sceneViewState":{"showFog":true,"showMaterialUpdate":false,"showSkybox":true,"showFlares":true,"showImageEffects":true,"showParticleSystems":true},"in2DMode":false,"pivot":{"x":-5.984797954559326,"y":4.779250144958496,"z":151.68411254882813},"rotation":{"x":0.05189581587910652,"y":-0.9414834976196289,"z":0.17017066478729249,"w":0.2872358560562134},"size":7.271488666534424,"orthographic":false}