{"cameraMode":{"drawMode":0,"name":"Shaded","section":"Shading Mode"},"sceneLighting":false,"audioPlay":false,"sceneViewState":{"showFog":true,"showMaterialUpdate":false,"showSkybox":false,"showFlares":true,"showImageEffects":true,"showParticleSystems":true},"in2DMode":false,"pivot":{"x":-1.8136481046676636,"y":1.0099968910217286,"z":-0.14501309394836427},"rotation":{"x":0.003416146384552121,"y":0.9850393533706665,"z":-0.01951177418231964,"w":0.17160916328430177},"size":3.248443126678467,"orthographic":false}