{"cameraMode":{"drawMode":0,"name":"Shaded","section":"Shading Mode"},"sceneLighting":true,"audioPlay":false,"sceneViewState":{"showFog":true,"showMaterialUpdate":false,"showSkybox":true,"showFlares":true,"showImageEffects":true,"showParticleSystems":true},"in2DMode":false,"pivot":{"x":-6.974503517150879,"y":1.6173291206359864,"z":-4.876094341278076},"rotation":{"x":0.0642969012260437,"y":0.9114933013916016,"z":-0.15628540515899659,"w":0.3749948740005493},"size":3.283458948135376,"orthographic":false}